feeder_id,branch_location_id,mv_line_id,feeder_name,centroid_lat,centroid_lon,length_km,synthetic_capacity_kw,synthetic_reverse_flow_limit_kw,synthetic_base_demand_kw,synthetic_pv_capacity_kwp,area_type,oze_density_index,is_synthetic,source_note
gliwice_f001,gliwice,osm_way_100207009,GLW-DEMO-F001,50.435867,18.686646,18.577,1863.3,216.5,351.5,880.2,rural,0.858,true,OSM geometry proxy; electrical parameters synthetic for POC
gliwice_f002,gliwice,osm_way_103697282,GLW-DEMO-F002,50.232542,18.645709,0.067,2111.1,310.6,477.0,1087.1,residential,0.765,true,OSM geometry proxy; electrical parameters synthetic for POC
gliwice_f003,gliwice,osm_way_103697295,GLW-DEMO-F003,50.232562,18.645740,0.067,2258.0,233.5,529.8,869.1,residential,0.733,true,OSM geometry proxy; electrical parameters synthetic for POC
gliwice_f004,gliwice,osm_way_103697306,GLW-DEMO-F004,50.235209,18.633880,0.283,2412.4,301.0,556.5,892.5,residential,0.739,true,OSM geometry proxy; electrical parameters synthetic for POC
gliwice_f005,gliwice,osm_way_157302285,GLW-DEMO-F005,50.299235,18.614511,2.155,3547.2,1073.6,1100.4,1135.6,industrial,0.49,true,OSM geometry proxy; electrical parameters synthetic for POC
gliwice_f006,gliwice,osm_way_157302286,GLW-DEMO-F006,50.293147,18.634195,0.015,2535.4,270.0,450.9,777.2,residential,0.792,true,OSM geometry proxy; electrical parameters synthetic for POC
gliwice_f007,gliwice,osm_way_340642712,GLW-DEMO-F007,50.234419,18.640518,0.873,2345.9,217.9,842.2,1025.1,mixed,0.754,true,OSM geometry proxy; electrical parameters synthetic for POC
gliwice_f008,gliwice,osm_way_340642713,GLW-DEMO-F008,50.236875,18.626297,1.018,3039.3,223.0,574.7,1330.7,mixed,0.679,true,OSM geometry proxy; electrical parameters synthetic for POC
gliwice_f009,gliwice,osm_way_340642715,GLW-DEMO-F009,50.243441,18.619573,0.619,2640.4,312.4,701.4,1245.4,mixed,0.697,true,OSM geometry proxy; electrical parameters synthetic for POC
gliwice_f010,gliwice,osm_way_340642716,GLW-DEMO-F010,50.219737,18.605176,1.218,2872.5,300.5,842.3,1010.8,mixed,0.775,true,OSM geometry proxy; electrical parameters synthetic for POC
gliwice_f011,gliwice,osm_way_340642717,GLW-DEMO-F011,50.214115,18.590450,3.806,3658.0,849.9,1369.3,1178.2,industrial,0.58,true,OSM geometry proxy; electrical parameters synthetic for POC
gliwice_f012,gliwice,osm_way_340642718,GLW-DEMO-F012,50.225006,18.611081,0.006,2195.6,362.9,474.3,874.9,residential,0.624,true,OSM geometry proxy; electrical parameters synthetic for POC
gliwice_f013,gliwice,osm_way_340642723,GLW-DEMO-F013,50.236818,18.617798,0.015,2265.7,376.4,551.5,1120.1,residential,0.691,true,OSM geometry proxy; electrical parameters synthetic for POC
gliwice_f014,gliwice,osm_way_340642724,GLW-DEMO-F014,50.235358,18.633375,0.009,2370.5,375.0,517.7,1175.3,residential,0.656,true,OSM geometry proxy; electrical parameters synthetic for POC
gliwice_f015,gliwice,osm_way_340642725,GLW-DEMO-F015,50.229927,18.614770,1.805,2845.3,873.3,1352.2,1081.7,industrial,0.511,true,OSM geometry proxy; electrical parameters synthetic for POC
gliwice_f016,gliwice,osm_way_340642726,GLW-DEMO-F016,50.240005,18.613041,0.106,2512.2,239.6,475.8,1223.1,residential,0.782,true,OSM geometry proxy; electrical parameters synthetic for POC
gliwice_f017,gliwice,osm_way_340642728,GLW-DEMO-F017,50.248421,18.618022,0.030,2444.5,366.2,487.2,944.1,residential,0.747,true,OSM geometry proxy; electrical parameters synthetic for POC
gliwice_f018,gliwice,osm_way_340642730,GLW-DEMO-F018,50.236863,18.618600,0.100,2222.3,354.9,473.4,1183.5,residential,0.622,true,OSM geometry proxy; electrical parameters synthetic for POC
gliwice_f019,gliwice,osm_way_340642732,GLW-DEMO-F019,50.235171,18.633818,0.294,1993.4,358.0,503.5,747.7,residential,0.743,true,OSM geometry proxy; electrical parameters synthetic for POC
gliwice_f020,gliwice,osm_way_340642740,GLW-DEMO-F020,50.238270,18.616317,0.417,2495.9,355.2,490.5,1265.5,residential,0.803,true,OSM geometry proxy; electrical parameters synthetic for POC
gliwice_f021,gliwice,osm_way_340642742,GLW-DEMO-F021,50.223361,18.612655,0.404,2163.2,329.9,628.1,1260.3,residential,0.716,true,OSM geometry proxy; electrical parameters synthetic for POC
gliwice_f022,gliwice,osm_way_340642743,GLW-DEMO-F022,50.227474,18.611449,0.326,2369.3,242.6,590.3,1120.2,residential,0.743,true,OSM geometry proxy; electrical parameters synthetic for POC
gliwice_f023,gliwice,osm_way_340642744,GLW-DEMO-F023,50.238433,18.612468,0.361,2583.7,400.4,533.0,1262.8,residential,0.732,true,OSM geometry proxy; electrical parameters synthetic for POC
gliwice_f024,gliwice,osm_way_340642745,GLW-DEMO-F024,50.223849,18.610426,0.323,2237.4,263.8,513.9,1247.1,residential,0.657,true,OSM geometry proxy; electrical parameters synthetic for POC
gliwice_f025,gliwice,osm_way_343299068,GLW-DEMO-F025,50.279728,18.706539,2.022,2669.4,251.4,671.3,1194.7,mixed,0.68,true,OSM geometry proxy; electrical parameters synthetic for POC
gliwice_f026,gliwice,osm_way_343299071,GLW-DEMO-F026,50.279715,18.706371,2.068,2263.4,280.0,839.7,1248.0,mixed,0.673,true,OSM geometry proxy; electrical parameters synthetic for POC
gliwice_f027,gliwice,osm_way_343299074,GLW-DEMO-F027,50.291599,18.705838,0.366,1935.3,393.3,648.3,1169.8,residential,0.735,true,OSM geometry proxy; electrical parameters synthetic for POC
gliwice_f028,gliwice,osm_way_343299075,GLW-DEMO-F028,50.291601,18.706058,0.365,2111.9,268.2,484.9,1175.2,residential,0.631,true,OSM geometry proxy; electrical parameters synthetic for POC
gliwice_f029,gliwice,osm_way_385686677,GLW-DEMO-F029,50.340608,18.805750,2.847,2405.1,252.2,858.3,1093.0,mixed,0.675,true,OSM geometry proxy; electrical parameters synthetic for POC
gliwice_f030,gliwice,osm_way_385686678,GLW-DEMO-F030,50.340703,18.805893,2.826,2576.6,221.7,606.5,907.5,mixed,0.731,true,OSM geometry proxy; electrical parameters synthetic for POC
gliwice_f031,gliwice,osm_way_571795007,GLW-DEMO-F031,50.299931,18.553303,3.877,2278.8,291.9,670.3,1349.3,mixed,0.676,true,OSM geometry proxy; electrical parameters synthetic for POC
gliwice_f032,gliwice,osm_way_650052681,GLW-DEMO-F032,50.266127,18.617284,3.634,2217.5,240.8,622.0,1142.5,mixed,0.712,true,OSM geometry proxy; electrical parameters synthetic for POC
gliwice_f033,gliwice,osm_way_693787912,GLW-DEMO-F033,50.377535,18.634960,3.407,2385.2,285.7,676.1,1084.5,mixed,0.683,true,OSM geometry proxy; electrical parameters synthetic for POC
gliwice_f034,gliwice,osm_way_693787913,GLW-DEMO-F034,50.369491,18.644565,1.313,3086.5,298.2,716.2,984.9,mixed,0.668,true,OSM geometry proxy; electrical parameters synthetic for POC
gliwice_f035,gliwice,osm_way_787192657,GLW-DEMO-F035,50.363761,18.687733,1.696,3011.0,217.8,852.2,1031.4,mixed,0.714,true,OSM geometry proxy; electrical parameters synthetic for POC
gliwice_f036,gliwice,osm_way_787192658,GLW-DEMO-F036,50.351808,18.704312,0.843,2500.6,320.9,816.3,1404.7,mixed,0.76,true,OSM geometry proxy; electrical parameters synthetic for POC
gliwice_f037,gliwice,osm_way_817150499,GLW-DEMO-F037,50.227345,18.723210,0.624,2262.3,269.0,600.5,1093.8,residential,0.81,true,OSM geometry proxy; electrical parameters synthetic for POC
gliwice_f038,gliwice,osm_way_889646446,GLW-DEMO-F038,50.378365,18.594976,1.882,2615.5,299.4,634.4,1186.9,mixed,0.718,true,OSM geometry proxy; electrical parameters synthetic for POC
gliwice_f039,gliwice,osm_way_889646447,GLW-DEMO-F039,50.381882,18.606641,3.525,2785.7,295.4,675.7,1441.3,mixed,0.738,true,OSM geometry proxy; electrical parameters synthetic for POC
gliwice_f040,gliwice,osm_way_889651997,GLW-DEMO-F040,50.370950,18.605738,1.972,2308.5,310.3,630.8,1082.9,mixed,0.651,true,OSM geometry proxy; electrical parameters synthetic for POC
gliwice_f041,gliwice,osm_way_889652006,GLW-DEMO-F041,50.368936,18.615435,0.389,2177.2,293.7,504.9,891.6,residential,0.785,true,OSM geometry proxy; electrical parameters synthetic for POC
gliwice_f042,gliwice,osm_way_889720719,GLW-DEMO-F042,50.367666,18.606128,0.014,2220.8,360.8,642.8,1013.4,residential,0.71,true,OSM geometry proxy; electrical parameters synthetic for POC
gliwice_f043,gliwice,osm_way_905775575,GLW-DEMO-F043,50.357799,18.568610,1.064,2391.3,381.8,639.0,813.6,residential,0.682,true,OSM geometry proxy; electrical parameters synthetic for POC
gliwice_f044,gliwice,osm_way_905775576,GLW-DEMO-F044,50.361404,18.557068,1.015,1884.6,300.8,468.8,943.6,residential,0.684,true,OSM geometry proxy; electrical parameters synthetic for POC
gliwice_f045,gliwice,osm_way_905775577,GLW-DEMO-F045,50.363649,18.550475,0.678,2530.6,290.8,503.8,878.5,residential,0.719,true,OSM geometry proxy; electrical parameters synthetic for POC
gliwice_f046,gliwice,osm_way_905779055,GLW-DEMO-F046,50.353936,18.572755,1.412,2222.7,341.1,528.4,1056.2,residential,0.768,true,OSM geometry proxy; electrical parameters synthetic for POC
gliwice_f047,gliwice,osm_way_907715056,GLW-DEMO-F047,50.343802,18.598881,5.832,1759.4,228.7,379.4,817.3,rural,0.868,true,OSM geometry proxy; electrical parameters synthetic for POC
gliwice_f048,gliwice,osm_way_925628669,GLW-DEMO-F048,50.373265,18.693148,1.818,3044.5,244.9,704.3,1317.7,mixed,0.716,true,OSM geometry proxy; electrical parameters synthetic for POC
gliwice_f049,gliwice,osm_way_925628670,GLW-DEMO-F049,50.378489,18.685325,0.453,1921.9,253.8,495.9,946.5,residential,0.8,true,OSM geometry proxy; electrical parameters synthetic for POC
gliwice_f050,gliwice,osm_way_925628672,GLW-DEMO-F050,50.381765,18.666200,4.045,2837.3,209.7,755.3,1420.5,mixed,0.601,true,OSM geometry proxy; electrical parameters synthetic for POC
gliwice_f051,gliwice,osm_way_925628691,GLW-DEMO-F051,50.359808,18.704029,3.320,2430.0,280.9,780.0,1146.4,mixed,0.714,true,OSM geometry proxy; electrical parameters synthetic for POC
gliwice_f052,gliwice,osm_way_925644917,GLW-DEMO-F052,50.372426,18.707455,0.201,2357.2,302.6,516.4,751.1,residential,0.715,true,OSM geometry proxy; electrical parameters synthetic for POC
gliwice_f053,gliwice,osm_way_925644918,GLW-DEMO-F053,50.373056,18.704659,0.232,1881.6,346.2,432.6,1124.2,residential,0.825,true,OSM geometry proxy; electrical parameters synthetic for POC
gliwice_f054,gliwice,osm_way_925644919,GLW-DEMO-F054,50.369735,18.719759,1.688,2891.4,283.3,814.9,1028.7,mixed,0.661,true,OSM geometry proxy; electrical parameters synthetic for POC
gliwice_f055,gliwice,osm_way_953825387,GLW-DEMO-F055,50.322873,18.561015,1.754,2795.2,285.9,748.6,1008.0,mixed,0.689,true,OSM geometry proxy; electrical parameters synthetic for POC
gliwice_f056,gliwice,osm_way_953825388,GLW-DEMO-F056,50.318658,18.561406,0.175,2094.1,255.7,584.6,892.3,residential,0.638,true,OSM geometry proxy; electrical parameters synthetic for POC
gliwice_f057,gliwice,osm_way_1065500297,GLW-DEMO-F057,50.385743,18.659976,4.400,2568.8,243.1,768.1,1050.0,mixed,0.632,true,OSM geometry proxy; electrical parameters synthetic for POC
gliwice_f058,gliwice,osm_way_1065500305,GLW-DEMO-F058,50.393500,18.728335,8.918,1614.3,244.7,318.7,854.0,rural,0.806,true,OSM geometry proxy; electrical parameters synthetic for POC
gliwice_f059,gliwice,osm_way_1065500307,GLW-DEMO-F059,50.350746,18.722618,0.053,1940.1,261.4,603.8,974.6,residential,0.792,true,OSM geometry proxy; electrical parameters synthetic for POC
gliwice_f060,gliwice,osm_way_1065500308,GLW-DEMO-F060,50.350052,18.726461,0.286,2431.8,395.3,464.2,912.0,residential,0.654,true,OSM geometry proxy; electrical parameters synthetic for POC
gliwice_f061,gliwice,osm_way_1065500309,GLW-DEMO-F061,50.350293,18.724371,0.109,2476.9,320.4,628.0,1051.4,residential,0.755,true,OSM geometry proxy; electrical parameters synthetic for POC
gliwice_f062,gliwice,osm_way_1065500310,GLW-DEMO-F062,50.345228,18.734226,1.633,3060.3,259.6,732.9,912.2,mixed,0.657,true,OSM geometry proxy; electrical parameters synthetic for POC
gliwice_f063,gliwice,osm_way_1065500311,GLW-DEMO-F063,50.343998,18.751811,0.948,2460.0,234.9,868.5,872.3,mixed,0.723,true,OSM geometry proxy; electrical parameters synthetic for POC
gliwice_f064,gliwice,osm_way_1065500312,GLW-DEMO-F064,50.339948,18.750430,1.517,2275.7,256.6,747.9,1191.5,mixed,0.731,true,OSM geometry proxy; electrical parameters synthetic for POC
gliwice_f065,gliwice,osm_way_1065500313,GLW-DEMO-F065,50.350172,18.718969,1.496,2673.0,222.0,672.7,1009.6,mixed,0.583,true,OSM geometry proxy; electrical parameters synthetic for POC
gliwice_f066,gliwice,osm_way_1065500314,GLW-DEMO-F066,50.357393,18.695267,0.976,2607.0,215.1,601.6,1163.5,mixed,0.739,true,OSM geometry proxy; electrical parameters synthetic for POC
gliwice_f067,gliwice,osm_way_1065500315,GLW-DEMO-F067,50.355342,18.688933,0.238,2130.5,334.0,609.7,786.0,residential,0.776,true,OSM geometry proxy; electrical parameters synthetic for POC
gliwice_f068,gliwice,osm_way_1065500318,GLW-DEMO-F068,50.376706,18.545774,9.536,1598.1,191.1,298.1,953.3,rural,0.728,true,OSM geometry proxy; electrical parameters synthetic for POC
gliwice_f069,gliwice,osm_way_1065500322,GLW-DEMO-F069,50.385247,18.516960,13.740,1412.0,216.0,370.2,704.5,rural,0.781,true,OSM geometry proxy; electrical parameters synthetic for POC
gliwice_f070,gliwice,osm_way_1101399657,GLW-DEMO-F070,50.375810,18.617497,2.404,2827.6,223.6,834.2,1095.4,mixed,0.626,true,OSM geometry proxy; electrical parameters synthetic for POC
gliwice_f071,gliwice,osm_way_1101470469,GLW-DEMO-F071,50.288505,18.703900,0.002,2595.8,238.3,510.6,1082.5,residential,0.638,true,OSM geometry proxy; electrical parameters synthetic for POC
gliwice_f072,gliwice,osm_way_1101470470,GLW-DEMO-F072,50.289107,18.703792,0.201,2117.8,310.8,625.5,908.1,residential,0.637,true,OSM geometry proxy; electrical parameters synthetic for POC
gliwice_f073,gliwice,osm_way_1101470471,GLW-DEMO-F073,50.289981,18.704671,0.111,2168.3,407.3,518.1,1161.1,residential,0.641,true,OSM geometry proxy; electrical parameters synthetic for POC
gliwice_f074,gliwice,osm_way_1101470472,GLW-DEMO-F074,50.290180,18.705127,0.020,2197.9,325.6,601.0,1214.0,residential,0.791,true,OSM geometry proxy; electrical parameters synthetic for POC
gliwice_f075,gliwice,osm_way_1101470473,GLW-DEMO-F075,50.290187,18.704971,0.003,1895.8,233.8,433.9,1162.1,residential,0.749,true,OSM geometry proxy; electrical parameters synthetic for POC
gliwice_f076,gliwice,osm_way_1156650218,GLW-DEMO-F076,50.254709,18.561655,0.656,2544.3,387.1,450.4,792.6,residential,0.687,true,OSM geometry proxy; electrical parameters synthetic for POC
gliwice_f077,gliwice,osm_way_1159393208,GLW-DEMO-F077,50.255953,18.575340,1.189,2000.4,396.0,492.5,1039.1,residential,0.779,true,OSM geometry proxy; electrical parameters synthetic for POC
gliwice_f078,gliwice,osm_way_1159396428,GLW-DEMO-F078,50.263004,18.573314,1.632,2469.1,311.3,869.5,1202.6,mixed,0.734,true,OSM geometry proxy; electrical parameters synthetic for POC
gliwice_f079,gliwice,osm_way_1159691163,GLW-DEMO-F079,50.264015,18.563579,0.361,2287.3,253.6,553.5,1229.2,residential,0.619,true,OSM geometry proxy; electrical parameters synthetic for POC
gliwice_f080,gliwice,osm_way_1159691164,GLW-DEMO-F080,50.261949,18.564478,0.251,1968.3,357.9,638.3,1214.7,residential,0.732,true,OSM geometry proxy; electrical parameters synthetic for POC
gliwice_f081,gliwice,osm_way_1159694474,GLW-DEMO-F081,50.260422,18.562476,0.557,2172.8,291.3,584.9,924.1,residential,0.78,true,OSM geometry proxy; electrical parameters synthetic for POC
gliwice_f082,gliwice,osm_way_1159694476,GLW-DEMO-F082,50.259810,18.562667,0.014,2288.1,401.1,460.8,889.6,residential,0.646,true,OSM geometry proxy; electrical parameters synthetic for POC
gliwice_f083,gliwice,osm_way_1175121575,GLW-DEMO-F083,50.351962,18.710183,0.129,2105.4,263.6,466.6,1042.8,residential,0.753,true,OSM geometry proxy; electrical parameters synthetic for POC
gliwice_f084,gliwice,osm_way_1257595651,GLW-DEMO-F084,50.238796,18.754775,0.925,3093.8,208.1,698.0,1340.4,mixed,0.771,true,OSM geometry proxy; electrical parameters synthetic for POC
gliwice_f085,gliwice,osm_way_1257595652,GLW-DEMO-F085,50.240000,18.761462,3.217,2882.6,251.1,604.3,853.2,mixed,0.78,true,OSM geometry proxy; electrical parameters synthetic for POC
gliwice_f086,gliwice,osm_way_1257595653,GLW-DEMO-F086,50.241685,18.729171,8.462,1769.6,200.9,282.7,949.9,rural,0.708,true,OSM geometry proxy; electrical parameters synthetic for POC
gliwice_f087,gliwice,osm_way_1257595654,GLW-DEMO-F087,50.252046,18.755067,1.334,2211.3,190.9,608.7,1350.9,mixed,0.606,true,OSM geometry proxy; electrical parameters synthetic for POC
gliwice_f088,gliwice,osm_way_1257595655,GLW-DEMO-F088,50.245367,18.753111,0.025,2377.8,271.0,553.8,1077.7,residential,0.824,true,OSM geometry proxy; electrical parameters synthetic for POC
gliwice_f089,gliwice,osm_way_1257595656,GLW-DEMO-F089,50.243485,18.746255,0.053,2277.8,405.1,512.9,814.1,residential,0.632,true,OSM geometry proxy; electrical parameters synthetic for POC
gliwice_f090,gliwice,osm_way_1257595657,GLW-DEMO-F090,50.241470,18.747212,0.132,2289.6,351.4,552.7,1259.8,residential,0.625,true,OSM geometry proxy; electrical parameters synthetic for POC
gliwice_f091,gliwice,osm_way_1257595658,GLW-DEMO-F091,50.239179,18.772514,0.819,2606.8,240.6,701.6,1423.3,mixed,0.663,true,OSM geometry proxy; electrical parameters synthetic for POC
gliwice_f092,gliwice,osm_way_1257595659,GLW-DEMO-F092,50.233501,18.796081,3.878,2337.0,319.9,827.5,1447.2,mixed,0.682,true,OSM geometry proxy; electrical parameters synthetic for POC
gliwice_f093,gliwice,osm_way_1257595660,GLW-DEMO-F093,50.243675,18.776941,1.127,2912.6,206.2,771.6,1076.7,mixed,0.737,true,OSM geometry proxy; electrical parameters synthetic for POC
gliwice_f094,gliwice,osm_way_1257595661,GLW-DEMO-F094,50.233959,18.777142,0.243,2403.3,236.0,480.0,1248.1,residential,0.733,true,OSM geometry proxy; electrical parameters synthetic for POC
gliwice_f095,gliwice,osm_way_1257595662,GLW-DEMO-F095,50.235513,18.771131,0.247,2292.1,295.7,421.5,858.8,residential,0.639,true,OSM geometry proxy; electrical parameters synthetic for POC
gliwice_f096,gliwice,osm_way_1257595663,GLW-DEMO-F096,50.238258,18.768766,0.310,2553.1,369.1,521.6,865.8,residential,0.734,true,OSM geometry proxy; electrical parameters synthetic for POC
gliwice_f097,gliwice,osm_way_1257595664,GLW-DEMO-F097,50.226449,18.775917,2.817,3000.5,713.6,1394.7,1379.5,industrial,0.575,true,OSM geometry proxy; electrical parameters synthetic for POC
gliwice_f098,gliwice,osm_way_1257595665,GLW-DEMO-F098,50.233133,18.768937,0.025,2607.5,409.2,612.5,871.7,residential,0.644,true,OSM geometry proxy; electrical parameters synthetic for POC
gliwice_f099,gliwice,osm_way_1257595666,GLW-DEMO-F099,50.235720,18.765649,0.332,2600.2,315.0,500.1,750.2,residential,0.729,true,OSM geometry proxy; electrical parameters synthetic for POC
gliwice_f100,gliwice,osm_way_1257595667,GLW-DEMO-F100,50.239811,18.761938,0.173,1923.7,251.4,638.6,1149.8,residential,0.705,true,OSM geometry proxy; electrical parameters synthetic for POC
gliwice_f101,gliwice,osm_way_1257595668,GLW-DEMO-F101,50.239920,18.761682,0.183,2147.8,404.9,578.1,862.3,residential,0.63,true,OSM geometry proxy; electrical parameters synthetic for POC
gliwice_f102,gliwice,osm_way_1257595669,GLW-DEMO-F102,50.221433,18.727230,0.229,2062.7,352.8,565.8,1186.7,residential,0.755,true,OSM geometry proxy; electrical parameters synthetic for POC
gliwice_f103,gliwice,osm_way_1257595670,GLW-DEMO-F103,50.220172,18.721975,1.170,2442.1,391.4,462.6,891.6,residential,0.628,true,OSM geometry proxy; electrical parameters synthetic for POC
gliwice_f104,gliwice,osm_way_1271286027,GLW-DEMO-F104,50.353482,18.781726,1.519,3683.9,1123.7,1338.4,1342.1,industrial,0.506,true,OSM geometry proxy; electrical parameters synthetic for POC
gliwice_f105,gliwice,osm_way_1271286028,GLW-DEMO-F105,50.353601,18.781812,1.526,2601.5,183.6,765.3,1326.1,mixed,0.64,true,OSM geometry proxy; electrical parameters synthetic for POC
gliwice_f106,gliwice,osm_way_1271286029,GLW-DEMO-F106,50.349810,18.794189,0.286,2431.3,324.4,543.9,1012.1,residential,0.724,true,OSM geometry proxy; electrical parameters synthetic for POC
gliwice_f107,gliwice,osm_way_1271286030,GLW-DEMO-F107,50.350696,18.791188,0.008,2321.1,391.4,451.1,831.9,residential,0.74,true,OSM geometry proxy; electrical parameters synthetic for POC
gliwice_f108,gliwice,osm_way_1271286031,GLW-DEMO-F108,50.350765,18.791250,0.022,2300.0,323.4,649.5,915.4,residential,0.677,true,OSM geometry proxy; electrical parameters synthetic for POC
gliwice_f109,gliwice,osm_way_1271286032,GLW-DEMO-F109,50.349675,18.794835,0.003,2457.3,233.5,630.3,769.7,residential,0.818,true,OSM geometry proxy; electrical parameters synthetic for POC
gliwice_f110,gliwice,osm_way_1271286033,GLW-DEMO-F110,50.349775,18.794905,0.018,1946.2,285.3,462.3,1067.8,residential,0.666,true,OSM geometry proxy; electrical parameters synthetic for POC
gliwice_f111,gliwice,osm_way_1370661597,GLW-DEMO-F111,50.211584,18.724765,4.251,3628.1,1123.2,1004.7,1142.8,industrial,0.542,true,OSM geometry proxy; electrical parameters synthetic for POC
gliwice_f112,gliwice,osm_way_1370690791,GLW-DEMO-F112,50.255452,18.710182,0.148,2410.5,263.8,607.4,806.8,residential,0.692,true,OSM geometry proxy; electrical parameters synthetic for POC
gliwice_f113,gliwice,osm_way_1370690793,GLW-DEMO-F113,50.256389,18.710357,0.106,2159.2,393.9,439.9,869.3,residential,0.64,true,OSM geometry proxy; electrical parameters synthetic for POC
gliwice_f114,gliwice,osm_way_1370690794,GLW-DEMO-F114,50.257069,18.707306,1.301,1991.4,250.8,623.3,803.6,residential,0.788,true,OSM geometry proxy; electrical parameters synthetic for POC
gliwice_f115,gliwice,osm_way_1370690795,GLW-DEMO-F115,50.256248,18.717652,0.177,2404.2,359.6,565.7,764.5,residential,0.621,true,OSM geometry proxy; electrical parameters synthetic for POC
gliwice_f116,gliwice,osm_way_1370690796,GLW-DEMO-F116,50.255596,18.718388,0.337,2638.4,394.8,469.9,1216.2,residential,0.722,true,OSM geometry proxy; electrical parameters synthetic for POC
gliwice_f117,gliwice,osm_way_1370690797,GLW-DEMO-F117,50.232065,18.730814,0.302,2353.8,347.3,424.7,785.7,residential,0.618,true,OSM geometry proxy; electrical parameters synthetic for POC
gliwice_f118,gliwice,osm_way_1370690801,GLW-DEMO-F118,50.222646,18.705299,0.097,2058.1,397.5,629.8,1084.4,residential,0.778,true,OSM geometry proxy; electrical parameters synthetic for POC
gliwice_f119,gliwice,osm_way_1370690802,GLW-DEMO-F119,50.222711,18.702094,0.900,2348.2,277.8,836.2,913.1,mixed,0.732,true,OSM geometry proxy; electrical parameters synthetic for POC
gliwice_f120,gliwice,osm_way_1370690803,GLW-DEMO-F120,50.226240,18.715400,0.233,2450.4,273.0,488.0,812.7,residential,0.63,true,OSM geometry proxy; electrical parameters synthetic for POC
gliwice_f121,gliwice,osm_way_1370690804,GLW-DEMO-F121,50.228082,18.735315,0.335,2369.6,279.5,599.4,1053.6,residential,0.749,true,OSM geometry proxy; electrical parameters synthetic for POC
gliwice_f122,gliwice,osm_way_1370690805,GLW-DEMO-F122,50.226099,18.741075,0.036,2088.4,340.4,594.5,954.9,residential,0.782,true,OSM geometry proxy; electrical parameters synthetic for POC
gliwice_f123,gliwice,osm_way_1370690806,GLW-DEMO-F123,50.228596,18.736582,1.766,2686.2,1137.4,1150.7,1593.9,industrial,0.459,true,OSM geometry proxy; electrical parameters synthetic for POC
gliwice_f124,gliwice,osm_way_1370690807,GLW-DEMO-F124,50.241496,18.740428,0.525,2157.8,359.7,632.5,916.9,residential,0.813,true,OSM geometry proxy; electrical parameters synthetic for POC
gliwice_f125,gliwice,osm_way_1370690808,GLW-DEMO-F125,50.238035,18.735125,0.380,2103.8,338.6,634.9,1190.0,residential,0.766,true,OSM geometry proxy; electrical parameters synthetic for POC
gliwice_f126,gliwice,osm_way_1370690809,GLW-DEMO-F126,50.246317,18.731930,0.209,2195.7,235.6,492.2,1272.8,residential,0.71,true,OSM geometry proxy; electrical parameters synthetic for POC
gliwice_f127,gliwice,osm_way_1370690810,GLW-DEMO-F127,50.227607,18.696310,0.093,2132.4,259.2,581.0,1069.5,residential,0.643,true,OSM geometry proxy; electrical parameters synthetic for POC
gliwice_f128,gliwice,osm_way_1370690811,GLW-DEMO-F128,50.256726,18.720864,0.024,2040.4,290.2,455.7,788.3,residential,0.708,true,OSM geometry proxy; electrical parameters synthetic for POC
gliwice_f129,gliwice,osm_way_1370690812,GLW-DEMO-F129,50.256573,18.720865,0.024,2148.8,350.8,574.8,840.2,residential,0.654,true,OSM geometry proxy; electrical parameters synthetic for POC
gliwice_f130,gliwice,osm_way_1370690817,GLW-DEMO-F130,50.255092,18.731169,0.033,2472.8,301.2,629.0,1205.0,residential,0.635,true,OSM geometry proxy; electrical parameters synthetic for POC
gliwice_f131,gliwice,osm_way_1370690818,GLW-DEMO-F131,50.251611,18.733706,0.551,2613.0,369.7,647.1,1114.9,residential,0.641,true,OSM geometry proxy; electrical parameters synthetic for POC
gliwice_f132,gliwice,osm_way_1370690820,GLW-DEMO-F132,50.253347,18.723198,0.108,2481.0,322.7,423.7,1243.8,residential,0.718,true,OSM geometry proxy; electrical parameters synthetic for POC
gliwice_f133,gliwice,osm_way_1370690821,GLW-DEMO-F133,50.256155,18.733018,0.107,2272.0,399.3,595.8,1084.3,residential,0.75,true,OSM geometry proxy; electrical parameters synthetic for POC
gliwice_f134,gliwice,osm_way_1370690822,GLW-DEMO-F134,50.253135,18.726025,0.221,2361.2,329.0,585.0,1269.8,residential,0.773,true,OSM geometry proxy; electrical parameters synthetic for POC
gliwice_f135,gliwice,osm_way_1370690823,GLW-DEMO-F135,50.249706,18.743735,0.494,2417.6,397.5,575.3,795.1,residential,0.665,true,OSM geometry proxy; electrical parameters synthetic for POC
gliwice_f136,gliwice,osm_way_1370690826,GLW-DEMO-F136,50.225051,18.773718,0.863,2130.2,291.1,447.8,926.7,residential,0.621,true,OSM geometry proxy; electrical parameters synthetic for POC
gliwice_f137,gliwice,osm_way_1370690827,GLW-DEMO-F137,50.228612,18.785391,0.441,2229.3,241.0,595.1,1158.4,residential,0.785,true,OSM geometry proxy; electrical parameters synthetic for POC
gliwice_f138,gliwice,osm_way_1370690828,GLW-DEMO-F138,50.230012,18.783856,0.925,2545.1,255.7,601.8,1407.1,mixed,0.605,true,OSM geometry proxy; electrical parameters synthetic for POC
gliwice_f139,gliwice,osm_way_1370690829,GLW-DEMO-F139,50.230949,18.776313,0.410,2451.4,278.2,581.2,814.9,residential,0.615,true,OSM geometry proxy; electrical parameters synthetic for POC
gliwice_f140,gliwice,osm_way_1370690831,GLW-DEMO-F140,50.235745,18.784140,0.204,2097.4,357.8,600.5,840.1,residential,0.647,true,OSM geometry proxy; electrical parameters synthetic for POC
gliwice_f141,gliwice,osm_way_1370690832,GLW-DEMO-F141,50.231836,18.790792,0.570,1890.7,298.1,522.7,1250.3,residential,0.804,true,OSM geometry proxy; electrical parameters synthetic for POC
gliwice_f142,gliwice,osm_way_1370690833,GLW-DEMO-F142,50.231991,18.797280,0.510,2931.1,304.8,620.2,1064.9,mixed,0.626,true,OSM geometry proxy; electrical parameters synthetic for POC
gliwice_f143,gliwice,osm_way_1370690835,GLW-DEMO-F143,50.236041,18.803009,0.683,2310.3,308.8,616.0,1210.8,residential,0.771,true,OSM geometry proxy; electrical parameters synthetic for POC
gliwice_f144,gliwice,osm_way_1370690836,GLW-DEMO-F144,50.233268,18.804168,0.068,1954.8,358.1,551.5,1129.8,residential,0.684,true,OSM geometry proxy; electrical parameters synthetic for POC
gliwice_f145,gliwice,osm_way_1370690837,GLW-DEMO-F145,50.229282,18.805329,0.091,2326.1,264.5,520.0,829.7,residential,0.669,true,OSM geometry proxy; electrical parameters synthetic for POC
gliwice_f146,gliwice,osm_way_1370690838,GLW-DEMO-F146,50.230016,18.806195,0.302,2053.4,244.9,510.4,945.6,residential,0.758,true,OSM geometry proxy; electrical parameters synthetic for POC
gliwice_f147,gliwice,osm_way_1370690839,GLW-DEMO-F147,50.228868,18.811787,0.119,2335.9,260.0,609.5,1022.2,residential,0.763,true,OSM geometry proxy; electrical parameters synthetic for POC
gliwice_f148,gliwice,osm_way_1370690840,GLW-DEMO-F148,50.233989,18.788773,0.103,1947.9,246.3,504.8,1228.1,residential,0.818,true,OSM geometry proxy; electrical parameters synthetic for POC
gliwice_f149,gliwice,osm_way_1370690841,GLW-DEMO-F149,50.226020,18.817668,0.095,2378.0,254.0,584.1,1201.1,residential,0.763,true,OSM geometry proxy; electrical parameters synthetic for POC
gliwice_f150,gliwice,osm_way_1370690842,GLW-DEMO-F150,50.225658,18.822191,0.814,1989.0,336.6,590.5,1138.0,residential,0.615,true,OSM geometry proxy; electrical parameters synthetic for POC
gliwice_f151,gliwice,osm_way_1370690846,GLW-DEMO-F151,50.219720,18.826608,1.931,2843.2,239.0,634.9,933.7,mixed,0.685,true,OSM geometry proxy; electrical parameters synthetic for POC
gliwice_f152,gliwice,osm_way_1370690847,GLW-DEMO-F152,50.222082,18.810942,0.836,2632.5,335.0,551.2,958.1,residential,0.781,true,OSM geometry proxy; electrical parameters synthetic for POC
gliwice_f153,gliwice,osm_way_1370690869,GLW-DEMO-F153,50.223872,18.816462,0.187,2218.1,347.2,646.9,973.6,residential,0.717,true,OSM geometry proxy; electrical parameters synthetic for POC
gliwice_f154,gliwice,osm_way_1370690870,GLW-DEMO-F154,50.224194,18.816861,0.004,1882.2,331.8,570.2,1265.0,residential,0.734,true,OSM geometry proxy; electrical parameters synthetic for POC
gliwice_f155,gliwice,osm_way_1370690873,GLW-DEMO-F155,50.222370,18.815773,0.016,1974.8,404.4,641.4,1208.5,residential,0.651,true,OSM geometry proxy; electrical parameters synthetic for POC
gliwice_f156,gliwice,osm_way_1370690875,GLW-DEMO-F156,50.209089,18.825499,5.176,1769.8,270.7,262.1,987.7,rural,0.707,true,OSM geometry proxy; electrical parameters synthetic for POC
gliwice_f157,gliwice,osm_way_1370698548,GLW-DEMO-F157,50.232873,18.678664,0.231,2370.5,261.2,463.8,942.8,residential,0.749,true,OSM geometry proxy; electrical parameters synthetic for POC
gliwice_f158,gliwice,osm_way_1370698551,GLW-DEMO-F158,50.238219,18.705146,0.477,2314.0,265.6,478.4,1004.7,residential,0.616,true,OSM geometry proxy; electrical parameters synthetic for POC
gliwice_f159,gliwice,osm_way_1370698552,GLW-DEMO-F159,50.231182,18.687119,3.982,3090.8,195.5,576.7,905.9,mixed,0.704,true,OSM geometry proxy; electrical parameters synthetic for POC
gliwice_f160,gliwice,osm_way_1370732819,GLW-DEMO-F160,50.256861,18.615909,0.223,2124.4,247.5,443.8,1224.2,residential,0.69,true,OSM geometry proxy; electrical parameters synthetic for POC
gliwice_f161,gliwice,osm_way_1370732820,GLW-DEMO-F161,50.232488,18.602101,0.022,2535.2,293.7,468.4,1001.1,residential,0.643,true,OSM geometry proxy; electrical parameters synthetic for POC
gliwice_f162,gliwice,osm_way_1370732822,GLW-DEMO-F162,50.232334,18.602103,0.009,2092.5,300.9,447.4,907.4,residential,0.655,true,OSM geometry proxy; electrical parameters synthetic for POC
gliwice_f163,gliwice,osm_way_1370732823,GLW-DEMO-F163,50.231651,18.596948,4.989,2923.3,284.9,793.1,903.9,mixed,0.673,true,OSM geometry proxy; electrical parameters synthetic for POC
gliwice_f164,gliwice,osm_way_1370732824,GLW-DEMO-F164,50.248906,18.657310,0.107,2193.0,255.2,483.7,1052.3,residential,0.769,true,OSM geometry proxy; electrical parameters synthetic for POC
gliwice_f165,gliwice,osm_way_1370732825,GLW-DEMO-F165,50.250781,18.640964,2.649,3070.6,238.5,884.1,1009.8,mixed,0.724,true,OSM geometry proxy; electrical parameters synthetic for POC
gliwice_f166,gliwice,osm_way_1370732826,GLW-DEMO-F166,50.249259,18.617637,0.006,2468.8,316.6,502.4,948.0,residential,0.716,true,OSM geometry proxy; electrical parameters synthetic for POC
gliwice_f167,gliwice,osm_way_1370732827,GLW-DEMO-F167,50.248906,18.617840,0.217,2280.3,279.9,579.9,887.0,residential,0.68,true,OSM geometry proxy; electrical parameters synthetic for POC
gliwice_f168,gliwice,osm_way_1371353323,GLW-DEMO-F168,50.286850,18.597814,0.167,1890.3,371.3,637.0,759.2,residential,0.636,true,OSM geometry proxy; electrical parameters synthetic for POC
gliwice_f169,gliwice,osm_way_1371353324,GLW-DEMO-F169,50.288538,18.597264,0.230,1942.3,267.1,645.3,1250.6,residential,0.814,true,OSM geometry proxy; electrical parameters synthetic for POC
gliwice_f170,gliwice,osm_way_1371353325,GLW-DEMO-F170,50.288381,18.589051,0.153,2617.0,410.6,457.2,849.9,residential,0.778,true,OSM geometry proxy; electrical parameters synthetic for POC
gliwice_f171,gliwice,osm_way_1371353326,GLW-DEMO-F171,50.289355,18.598853,2.605,2755.7,278.7,601.8,864.7,mixed,0.593,true,OSM geometry proxy; electrical parameters synthetic for POC
gliwice_f172,gliwice,osm_way_1371353330,GLW-DEMO-F172,50.328459,18.568232,0.281,2555.6,362.4,593.0,871.2,residential,0.718,true,OSM geometry proxy; electrical parameters synthetic for POC
gliwice_f173,gliwice,osm_way_1371353332,GLW-DEMO-F173,50.327107,18.562256,0.096,2519.6,272.9,576.3,868.8,residential,0.792,true,OSM geometry proxy; electrical parameters synthetic for POC
gliwice_f174,gliwice,osm_way_1371353333,GLW-DEMO-F174,50.284132,18.611425,0.067,2496.1,243.4,530.2,858.0,residential,0.828,true,OSM geometry proxy; electrical parameters synthetic for POC
gliwice_f175,gliwice,osm_way_1371353335,GLW-DEMO-F175,50.283805,18.610446,0.105,2552.7,389.6,632.8,950.0,residential,0.657,true,OSM geometry proxy; electrical parameters synthetic for POC
gliwice_f176,gliwice,osm_way_1371353337,GLW-DEMO-F176,50.283118,18.598104,0.390,1870.0,403.6,575.4,1047.5,residential,0.806,true,OSM geometry proxy; electrical parameters synthetic for POC
gliwice_f177,gliwice,osm_way_1371353338,GLW-DEMO-F177,50.274141,18.576313,0.116,1941.9,326.3,452.4,931.4,residential,0.705,true,OSM geometry proxy; electrical parameters synthetic for POC
gliwice_f178,gliwice,osm_way_1371353339,GLW-DEMO-F178,50.279572,18.600361,3.929,3071.1,226.9,679.1,1291.6,mixed,0.735,true,OSM geometry proxy; electrical parameters synthetic for POC
gliwice_f179,gliwice,osm_way_1371353340,GLW-DEMO-F179,50.307538,18.561272,0.444,2567.4,356.1,541.9,767.9,residential,0.752,true,OSM geometry proxy; electrical parameters synthetic for POC
gliwice_f180,gliwice,osm_way_1371353341,GLW-DEMO-F180,50.306546,18.559031,0.050,2352.0,393.2,481.6,1115.5,residential,0.638,true,OSM geometry proxy; electrical parameters synthetic for POC
gliwice_f181,gliwice,osm_way_1371353342,GLW-DEMO-F181,50.304926,18.554400,1.187,2041.5,368.6,547.0,747.5,residential,0.618,true,OSM geometry proxy; electrical parameters synthetic for POC
gliwice_f182,gliwice,osm_way_1371353343,GLW-DEMO-F182,50.299464,18.563045,0.707,2150.3,359.3,566.6,1204.5,residential,0.639,true,OSM geometry proxy; electrical parameters synthetic for POC
gliwice_f183,gliwice,osm_way_1371353362,GLW-DEMO-F183,50.270985,18.568793,1.134,2382.6,358.1,431.1,1089.8,residential,0.723,true,OSM geometry proxy; electrical parameters synthetic for POC
gliwice_f184,gliwice,osm_way_1371353372,GLW-DEMO-F184,50.252767,18.557477,0.801,2263.5,305.7,710.1,1145.4,mixed,0.693,true,OSM geometry proxy; electrical parameters synthetic for POC
gliwice_f185,gliwice,osm_way_1371353387,GLW-DEMO-F185,50.221339,18.548523,1.715,2262.7,314.9,590.4,1431.4,mixed,0.761,true,OSM geometry proxy; electrical parameters synthetic for POC
gliwice_f186,gliwice,osm_way_1371353388,GLW-DEMO-F186,50.228159,18.553567,0.128,2244.5,316.8,598.9,1244.4,residential,0.699,true,OSM geometry proxy; electrical parameters synthetic for POC
gliwice_f187,gliwice,osm_way_1371353389,GLW-DEMO-F187,50.232243,18.556196,0.068,2395.4,405.3,627.5,1069.4,residential,0.716,true,OSM geometry proxy; electrical parameters synthetic for POC
gliwice_f188,gliwice,osm_way_1371353390,GLW-DEMO-F188,50.224883,18.556082,0.107,2344.5,390.8,529.4,1147.0,residential,0.776,true,OSM geometry proxy; electrical parameters synthetic for POC
gliwice_f189,gliwice,osm_way_1371353392,GLW-DEMO-F189,50.218575,18.568323,0.850,2399.4,245.5,583.4,869.2,mixed,0.75,true,OSM geometry proxy; electrical parameters synthetic for POC
gliwice_f190,gliwice,osm_way_1371353394,GLW-DEMO-F190,50.240838,18.543186,10.462,1685.8,240.4,369.1,867.1,rural,0.691,true,OSM geometry proxy; electrical parameters synthetic for POC
gliwice_f191,gliwice,osm_way_1372782297,GLW-DEMO-F191,50.341412,18.568992,0.094,2368.9,380.0,588.9,1148.3,residential,0.679,true,OSM geometry proxy; electrical parameters synthetic for POC
gliwice_f192,gliwice,osm_way_1372782300,GLW-DEMO-F192,50.360302,18.550208,0.283,2007.8,328.2,499.2,1086.4,residential,0.721,true,OSM geometry proxy; electrical parameters synthetic for POC
gliwice_f193,gliwice,osm_way_1372782304,GLW-DEMO-F193,50.359615,18.549307,0.126,2019.4,369.1,506.1,1230.9,residential,0.725,true,OSM geometry proxy; electrical parameters synthetic for POC
gliwice_f194,gliwice,osm_way_1372782307,GLW-DEMO-F194,50.361681,18.618105,0.015,2361.4,280.9,501.9,758.3,residential,0.76,true,OSM geometry proxy; electrical parameters synthetic for POC
gliwice_f195,gliwice,osm_way_1372782308,GLW-DEMO-F195,50.361647,18.617803,0.015,2076.5,296.5,589.8,999.4,residential,0.623,true,OSM geometry proxy; electrical parameters synthetic for POC
gliwice_f196,gliwice,osm_way_1372782316,GLW-DEMO-F196,50.355710,18.544660,1.758,3507.2,906.2,1043.2,1186.4,industrial,0.566,true,OSM geometry proxy; electrical parameters synthetic for POC
gliwice_f197,gliwice,osm_way_1372782317,GLW-DEMO-F197,50.354462,18.554588,0.287,2603.5,367.8,519.5,880.8,residential,0.739,true,OSM geometry proxy; electrical parameters synthetic for POC
gliwice_f198,gliwice,osm_way_1372782326,GLW-DEMO-F198,50.358140,18.563055,0.178,1952.7,265.0,580.6,1262.6,residential,0.71,true,OSM geometry proxy; electrical parameters synthetic for POC
gliwice_f199,gliwice,osm_way_1372782329,GLW-DEMO-F199,50.354596,18.559423,0.438,2379.1,274.3,427.9,1049.0,residential,0.719,true,OSM geometry proxy; electrical parameters synthetic for POC
gliwice_f200,gliwice,osm_way_1372782330,GLW-DEMO-F200,50.354891,18.562743,0.657,2528.4,250.0,501.8,1258.7,residential,0.627,true,OSM geometry proxy; electrical parameters synthetic for POC
gliwice_f201,gliwice,osm_way_1372782331,GLW-DEMO-F201,50.343048,18.601723,2.064,2471.2,229.3,699.1,1241.1,mixed,0.619,true,OSM geometry proxy; electrical parameters synthetic for POC
gliwice_f202,gliwice,osm_way_1372782338,GLW-DEMO-F202,50.337917,18.581634,0.254,2583.2,330.5,476.6,924.4,residential,0.704,true,OSM geometry proxy; electrical parameters synthetic for POC
gliwice_f203,gliwice,osm_way_1372782339,GLW-DEMO-F203,50.341906,18.579178,1.329,2896.6,245.3,798.2,1305.0,mixed,0.585,true,OSM geometry proxy; electrical parameters synthetic for POC
gliwice_f204,gliwice,osm_way_1372782355,GLW-DEMO-F204,50.319521,18.589931,0.266,2473.4,284.9,420.2,1115.3,residential,0.809,true,OSM geometry proxy; electrical parameters synthetic for POC
gliwice_f205,gliwice,osm_way_1372782356,GLW-DEMO-F205,50.322044,18.591089,0.479,2145.5,268.1,444.2,1209.8,residential,0.687,true,OSM geometry proxy; electrical parameters synthetic for POC
gliwice_f206,gliwice,osm_way_1372782358,GLW-DEMO-F206,50.327421,18.584427,0.274,2162.4,250.5,491.2,858.7,residential,0.822,true,OSM geometry proxy; electrical parameters synthetic for POC
gliwice_f207,gliwice,osm_way_1372782359,GLW-DEMO-F207,50.334023,18.581966,0.041,2261.9,378.6,443.4,774.7,residential,0.821,true,OSM geometry proxy; electrical parameters synthetic for POC
gliwice_f208,gliwice,osm_way_1372782360,GLW-DEMO-F208,50.331520,18.584894,2.101,3547.7,1082.9,1275.3,1561.6,industrial,0.612,true,OSM geometry proxy; electrical parameters synthetic for POC
gliwice_f209,gliwice,osm_way_1372782361,GLW-DEMO-F209,50.329287,18.570091,0.233,1970.9,408.5,469.6,1003.5,residential,0.72,true,OSM geometry proxy; electrical parameters synthetic for POC
gliwice_f210,gliwice,osm_way_1372782364,GLW-DEMO-F210,50.332012,18.565294,0.292,2334.3,258.9,631.8,935.1,residential,0.695,true,OSM geometry proxy; electrical parameters synthetic for POC
gliwice_f211,gliwice,osm_way_1372782366,GLW-DEMO-F211,50.330979,18.568680,0.028,2302.2,397.7,593.4,882.6,residential,0.728,true,OSM geometry proxy; electrical parameters synthetic for POC
gliwice_f212,gliwice,osm_way_1372782368,GLW-DEMO-F212,50.341258,18.562691,2.675,2777.8,246.6,851.2,1145.8,mixed,0.637,true,OSM geometry proxy; electrical parameters synthetic for POC
gliwice_f213,gliwice,osm_way_1372782369,GLW-DEMO-F213,50.348406,18.558667,0.127,2153.1,332.1,496.1,1111.4,residential,0.761,true,OSM geometry proxy; electrical parameters synthetic for POC
gliwice_f214,gliwice,osm_way_1372782371,GLW-DEMO-F214,50.349593,18.552576,0.209,2173.2,386.4,645.6,1139.7,residential,0.625,true,OSM geometry proxy; electrical parameters synthetic for POC
gliwice_f215,gliwice,osm_way_1372782372,GLW-DEMO-F215,50.348330,18.549688,1.511,2884.1,967.3,1119.9,1141.1,industrial,0.467,true,OSM geometry proxy; electrical parameters synthetic for POC
gliwice_f216,gliwice,osm_way_1372791290,GLW-DEMO-F216,50.260708,18.641692,0.006,2106.3,246.3,549.5,1149.7,residential,0.641,true,OSM geometry proxy; electrical parameters synthetic for POC
gliwice_f217,gliwice,osm_way_1372791291,GLW-DEMO-F217,50.260693,18.641106,0.148,2200.8,387.7,599.9,742.0,residential,0.768,true,OSM geometry proxy; electrical parameters synthetic for POC
gliwice_f218,gliwice,osm_way_1372791292,GLW-DEMO-F218,50.252142,18.648340,0.153,2336.4,310.2,566.6,1042.0,residential,0.728,true,OSM geometry proxy; electrical parameters synthetic for POC
gliwice_f219,gliwice,osm_way_1372791293,GLW-DEMO-F219,50.252788,18.648889,0.020,1946.2,257.8,588.0,737.6,residential,0.799,true,OSM geometry proxy; electrical parameters synthetic for POC
gliwice_f220,gliwice,osm_way_1372989397,GLW-DEMO-F220,50.272141,18.709108,0.020,2208.5,403.1,635.3,926.5,residential,0.632,true,OSM geometry proxy; electrical parameters synthetic for POC
gliwice_f221,gliwice,osm_way_1372990689,GLW-DEMO-F221,50.289271,18.703745,0.179,2329.5,354.4,612.1,1028.9,residential,0.702,true,OSM geometry proxy; electrical parameters synthetic for POC
gliwice_f222,gliwice,osm_way_1373106489,GLW-DEMO-F222,50.368749,18.644776,0.078,2222.0,372.3,551.7,1229.5,residential,0.632,true,OSM geometry proxy; electrical parameters synthetic for POC
gliwice_f223,gliwice,osm_way_1373106491,GLW-DEMO-F223,50.371969,18.636238,0.027,2035.3,343.2,562.7,873.8,residential,0.707,true,OSM geometry proxy; electrical parameters synthetic for POC
gliwice_f224,gliwice,osm_way_1373106492,GLW-DEMO-F224,50.370993,18.594356,0.662,2014.1,293.8,484.1,830.6,residential,0.645,true,OSM geometry proxy; electrical parameters synthetic for POC
gliwice_f225,gliwice,osm_way_1373106495,GLW-DEMO-F225,50.368434,18.625120,0.509,2861.1,276.6,885.9,1200.6,mixed,0.664,true,OSM geometry proxy; electrical parameters synthetic for POC
gliwice_f226,gliwice,osm_way_1373106496,GLW-DEMO-F226,50.378175,18.621031,0.016,1935.8,311.4,574.6,961.7,residential,0.767,true,OSM geometry proxy; electrical parameters synthetic for POC
gliwice_f227,gliwice,osm_way_1373106497,GLW-DEMO-F227,50.378637,18.586147,0.485,2098.1,296.4,645.2,999.5,residential,0.652,true,OSM geometry proxy; electrical parameters synthetic for POC
gliwice_f228,gliwice,osm_way_1373106532,GLW-DEMO-F228,50.373255,18.575768,0.623,2299.3,256.5,568.8,1124.7,residential,0.782,true,OSM geometry proxy; electrical parameters synthetic for POC
gliwice_f229,gliwice,osm_way_1373106533,GLW-DEMO-F229,50.380192,18.561038,0.048,2420.8,395.5,529.1,1188.2,residential,0.725,true,OSM geometry proxy; electrical parameters synthetic for POC
gliwice_f230,gliwice,osm_way_1374211812,GLW-DEMO-F230,50.246300,18.547838,1.327,2887.2,313.2,664.7,1108.8,mixed,0.608,true,OSM geometry proxy; electrical parameters synthetic for POC
gliwice_f231,gliwice,osm_way_1374211815,GLW-DEMO-F231,50.279775,18.590712,0.104,2414.2,253.4,636.0,1145.0,residential,0.73,true,OSM geometry proxy; electrical parameters synthetic for POC
gliwice_f232,gliwice,osm_way_1374211816,GLW-DEMO-F232,50.250155,18.619754,0.478,2605.2,337.9,588.6,738.7,residential,0.825,true,OSM geometry proxy; electrical parameters synthetic for POC
gliwice_f233,gliwice,osm_way_1374211818,GLW-DEMO-F233,50.250757,18.623475,0.216,2304.7,269.4,490.0,1213.5,residential,0.655,true,OSM geometry proxy; electrical parameters synthetic for POC
gliwice_f234,gliwice,osm_way_1374211820,GLW-DEMO-F234,50.247707,18.618526,0.130,1936.4,346.0,638.7,819.5,residential,0.823,true,OSM geometry proxy; electrical parameters synthetic for POC
gliwice_f235,gliwice,osm_way_1374211821,GLW-DEMO-F235,50.247118,18.619203,0.143,2587.2,377.4,616.4,926.5,residential,0.781,true,OSM geometry proxy; electrical parameters synthetic for POC
gliwice_f236,gliwice,osm_way_1374211822,GLW-DEMO-F236,50.239594,18.618402,0.464,2438.7,355.5,471.1,1175.2,residential,0.721,true,OSM geometry proxy; electrical parameters synthetic for POC
gliwice_f237,gliwice,osm_way_1374211824,GLW-DEMO-F237,50.240834,18.619363,0.060,2499.9,310.9,522.2,1259.0,residential,0.648,true,OSM geometry proxy; electrical parameters synthetic for POC
gliwice_f238,gliwice,osm_way_1374260704,GLW-DEMO-F238,50.357266,18.767513,0.016,2018.5,309.8,494.6,1189.4,residential,0.749,true,OSM geometry proxy; electrical parameters synthetic for POC
gliwice_f239,gliwice,osm_way_1374260705,GLW-DEMO-F239,50.357262,18.767187,0.017,2076.9,399.1,443.3,1193.7,residential,0.663,true,OSM geometry proxy; electrical parameters synthetic for POC
gliwice_f240,gliwice,osm_way_1374260712,GLW-DEMO-F240,50.362310,18.744442,0.959,2471.5,292.1,734.9,923.0,mixed,0.654,true,OSM geometry proxy; electrical parameters synthetic for POC
gliwice_f241,gliwice,osm_way_1374260713,GLW-DEMO-F241,50.368682,18.737316,0.549,2957.3,299.2,621.5,1298.4,mixed,0.649,true,OSM geometry proxy; electrical parameters synthetic for POC
gliwice_f242,gliwice,osm_way_1374260714,GLW-DEMO-F242,50.366760,18.740448,0.884,2411.3,192.3,734.2,1004.7,mixed,0.614,true,OSM geometry proxy; electrical parameters synthetic for POC
gliwice_f243,gliwice,osm_way_1374260715,GLW-DEMO-F243,50.365434,18.732616,0.026,2069.1,299.0,558.8,743.2,residential,0.643,true,OSM geometry proxy; electrical parameters synthetic for POC
gliwice_f244,gliwice,osm_way_1374260717,GLW-DEMO-F244,50.350626,18.739153,0.155,1953.1,232.0,633.7,1155.8,residential,0.752,true,OSM geometry proxy; electrical parameters synthetic for POC
gliwice_f245,gliwice,osm_way_1374260718,GLW-DEMO-F245,50.347578,18.738164,1.696,2782.1,220.4,671.5,1005.6,mixed,0.739,true,OSM geometry proxy; electrical parameters synthetic for POC
gliwice_f246,gliwice,osm_way_1374260719,GLW-DEMO-F246,50.346125,18.740750,0.017,2078.6,316.0,538.3,895.7,residential,0.784,true,OSM geometry proxy; electrical parameters synthetic for POC
gliwice_f247,gliwice,osm_way_1374260721,GLW-DEMO-F247,50.344161,18.739696,0.362,2135.7,323.5,503.6,1240.2,residential,0.728,true,OSM geometry proxy; electrical parameters synthetic for POC
gliwice_f248,gliwice,osm_way_1374260722,GLW-DEMO-F248,50.338943,18.759223,0.220,2586.6,346.3,524.6,1214.4,residential,0.753,true,OSM geometry proxy; electrical parameters synthetic for POC
gliwice_f249,gliwice,osm_way_1374260723,GLW-DEMO-F249,50.339833,18.753031,2.050,2915.7,223.5,733.4,1197.0,mixed,0.659,true,OSM geometry proxy; electrical parameters synthetic for POC
gliwice_f250,gliwice,osm_way_1374260724,GLW-DEMO-F250,50.354230,18.689334,0.163,2234.7,358.1,594.5,1068.6,residential,0.812,true,OSM geometry proxy; electrical parameters synthetic for POC
gliwice_f251,gliwice,osm_way_1374260727,GLW-DEMO-F251,50.370436,18.684869,0.615,2463.5,227.9,770.7,982.5,mixed,0.77,true,OSM geometry proxy; electrical parameters synthetic for POC
gliwice_f252,gliwice,osm_way_1374260728,GLW-DEMO-F252,50.360604,18.684786,0.423,2035.5,314.4,481.7,1011.9,residential,0.811,true,OSM geometry proxy; electrical parameters synthetic for POC
gliwice_f253,gliwice,osm_way_1374260729,GLW-DEMO-F253,50.363311,18.687237,0.014,2170.3,340.0,550.3,1236.3,residential,0.8,true,OSM geometry proxy; electrical parameters synthetic for POC
gliwice_f254,gliwice,osm_way_1374260730,GLW-DEMO-F254,50.353797,18.693848,0.592,2386.1,185.5,776.8,921.8,mixed,0.673,true,OSM geometry proxy; electrical parameters synthetic for POC
gliwice_f255,gliwice,osm_way_1374260732,GLW-DEMO-F255,50.345913,18.720164,0.070,2247.2,344.0,605.2,1239.8,residential,0.662,true,OSM geometry proxy; electrical parameters synthetic for POC
gliwice_f256,gliwice,osm_way_1374260733,GLW-DEMO-F256,50.334339,18.727547,0.385,1911.4,406.6,566.3,1217.1,residential,0.666,true,OSM geometry proxy; electrical parameters synthetic for POC
gliwice_f257,gliwice,osm_way_1374260734,GLW-DEMO-F257,50.335162,18.728638,0.141,1908.4,326.4,581.5,1140.4,residential,0.725,true,OSM geometry proxy; electrical parameters synthetic for POC
gliwice_f258,gliwice,osm_way_1374260735,GLW-DEMO-F258,50.334972,18.730589,0.074,2154.3,285.8,609.6,1118.8,residential,0.765,true,OSM geometry proxy; electrical parameters synthetic for POC
gliwice_f259,gliwice,osm_way_1374260736,GLW-DEMO-F259,50.339800,18.732075,1.271,2738.4,214.3,599.1,1230.2,mixed,0.604,true,OSM geometry proxy; electrical parameters synthetic for POC
gliwice_f260,gliwice,osm_way_1374260737,GLW-DEMO-F260,50.372489,18.699841,0.032,2167.3,399.2,605.4,890.2,residential,0.744,true,OSM geometry proxy; electrical parameters synthetic for POC
gliwice_f261,gliwice,osm_way_1374260739,GLW-DEMO-F261,50.371298,18.700809,0.507,2682.7,308.1,609.0,953.8,mixed,0.658,true,OSM geometry proxy; electrical parameters synthetic for POC
gliwice_f262,gliwice,osm_way_1374260741,GLW-DEMO-F262,50.370322,18.713191,0.162,2571.1,350.8,520.5,1106.3,residential,0.667,true,OSM geometry proxy; electrical parameters synthetic for POC
gliwice_f263,gliwice,osm_way_1374260742,GLW-DEMO-F263,50.367201,18.727049,0.213,2323.6,325.0,565.8,1098.6,residential,0.783,true,OSM geometry proxy; electrical parameters synthetic for POC
gliwice_f264,gliwice,osm_way_1374260743,GLW-DEMO-F264,50.366296,18.731301,0.260,1875.0,281.4,647.4,1026.1,residential,0.614,true,OSM geometry proxy; electrical parameters synthetic for POC
gliwice_f265,gliwice,osm_way_1374260744,GLW-DEMO-F265,50.367320,18.732587,0.275,2509.1,243.2,551.0,817.2,residential,0.739,true,OSM geometry proxy; electrical parameters synthetic for POC
gliwice_f266,gliwice,osm_way_1374260745,GLW-DEMO-F266,50.345959,18.731581,0.018,2272.7,235.5,459.9,950.1,residential,0.713,true,OSM geometry proxy; electrical parameters synthetic for POC
gliwice_f267,gliwice,osm_way_1374260747,GLW-DEMO-F267,50.350577,18.722622,0.021,1899.2,273.8,430.2,1046.7,residential,0.778,true,OSM geometry proxy; electrical parameters synthetic for POC
gliwice_f268,gliwice,osm_way_1374260748,GLW-DEMO-F268,50.350597,18.724300,0.045,2499.7,369.4,470.6,843.3,residential,0.672,true,OSM geometry proxy; electrical parameters synthetic for POC
gliwice_f269,gliwice,osm_way_1374260749,GLW-DEMO-F269,50.350658,18.723412,0.104,2520.7,331.8,642.8,1189.6,residential,0.789,true,OSM geometry proxy; electrical parameters synthetic for POC
gliwice_f270,gliwice,osm_way_1423118761,GLW-DEMO-F270,50.227131,18.723369,0.011,2429.6,398.6,431.0,1230.9,residential,0.659,true,OSM geometry proxy; electrical parameters synthetic for POC
gliwice_f271,gliwice,osm_way_1423118762,GLW-DEMO-F271,50.224679,18.784036,0.612,2282.8,194.2,800.0,1084.3,mixed,0.739,true,OSM geometry proxy; electrical parameters synthetic for POC
gliwice_f272,gliwice,osm_way_1423118763,GLW-DEMO-F272,50.252135,18.747884,0.359,2317.5,338.8,489.6,1247.6,residential,0.689,true,OSM geometry proxy; electrical parameters synthetic for POC
gliwice_f273,gliwice,osm_way_1423118764,GLW-DEMO-F273,50.254257,18.725856,0.148,2151.0,380.4,480.3,754.1,residential,0.644,true,OSM geometry proxy; electrical parameters synthetic for POC
gliwice_f274,gliwice,osm_way_1423118765,GLW-DEMO-F274,50.230036,18.718224,0.277,2133.0,368.6,639.7,1169.1,residential,0.66,true,OSM geometry proxy; electrical parameters synthetic for POC
gliwice_f275,gliwice,osm_way_1423970376,GLW-DEMO-F275,50.254499,18.721223,0.479,2609.8,287.1,478.7,737.2,residential,0.769,true,OSM geometry proxy; electrical parameters synthetic for POC
gliwice_f276,gliwice,osm_way_1423970378,GLW-DEMO-F276,50.243372,18.735649,0.501,2239.4,284.9,669.2,1183.7,mixed,0.694,true,OSM geometry proxy; electrical parameters synthetic for POC
gliwice_f277,gliwice,osm_way_1423970379,GLW-DEMO-F277,50.240678,18.737569,0.632,2438.1,250.5,808.1,890.4,mixed,0.654,true,OSM geometry proxy; electrical parameters synthetic for POC
gliwice_f278,gliwice,osm_way_1423970381,GLW-DEMO-F278,50.229759,18.784733,0.025,2153.4,243.0,471.8,938.2,residential,0.728,true,OSM geometry proxy; electrical parameters synthetic for POC
gliwice_f279,gliwice,osm_way_1423970382,GLW-DEMO-F279,50.234521,18.780783,0.045,2470.7,393.8,610.5,1086.2,residential,0.623,true,OSM geometry proxy; electrical parameters synthetic for POC
gliwice_f280,gliwice,osm_way_1423970383,GLW-DEMO-F280,50.224241,18.816615,0.042,2510.4,331.8,433.5,1007.9,residential,0.78,true,OSM geometry proxy; electrical parameters synthetic for POC
gliwice_f281,gliwice,osm_way_1458158253,GLW-DEMO-F281,50.220005,18.713878,0.010,1954.3,300.4,569.9,1166.8,residential,0.658,true,OSM geometry proxy; electrical parameters synthetic for POC
gliwice_f282,gliwice,osm_way_1474496899,GLW-DEMO-F282,50.281262,18.599281,0.028,2564.6,326.6,449.5,1214.9,residential,0.675,true,OSM geometry proxy; electrical parameters synthetic for POC
gliwice_f283,gliwice,osm_way_1474496900,GLW-DEMO-F283,50.281209,18.599623,0.022,2325.8,239.8,606.0,1237.7,residential,0.713,true,OSM geometry proxy; electrical parameters synthetic for POC
